"Status","Start Time","Stop Time","Duration in ms","Parent Suite","Suite","Sub Suite","Test Class","Test Method","Name","Description"
"passed","Sun Mar 08 05:48:04 UTC 2026","Sun Mar 08 05:48:06 UTC 2026","2426","","","","","","creates a new service and shows it in the list",""
"passed","Sun Mar 08 05:48:35 UTC 2026","Sun Mar 08 05:48:38 UTC 2026","2763","","","","","","creates a service with both name and tags empty and receives auto-generated name",""
"passed","Sun Mar 08 05:49:53 UTC 2026","Sun Mar 08 05:49:54 UTC 2026","1648","","","","","","cancels add service operation without creating",""
"passed","Sun Mar 08 05:47:29 UTC 2026","Sun Mar 08 05:47:31 UTC 2026","1996","","","","","","creates a new route and shows it in the list",""
"passed","Sun Mar 08 05:49:55 UTC 2026","Sun Mar 08 05:49:58 UTC 2026","3012","","","","","","creates a service with both name and tags empty and receives auto-generated name",""
"failed","Sun Mar 08 05:49:26 UTC 2026","Sun Mar 08 05:49:38 UTC 2026","11802","","","","","","displays service details correctly after creation",""
"failed","Sun Mar 08 05:50:01 UTC 2026","Sun Mar 08 05:50:02 UTC 2026","1043","","","","","","validates URL with spaces or control characters",""
"passed","Sun Mar 08 05:49:23 UTC 2026","Sun Mar 08 05:49:25 UTC 2026","2388","","","","","","creates a new service and shows it in the list",""
"failed","Sun Mar 08 05:49:39 UTC 2026","Sun Mar 08 05:49:52 UTC 2026","13790","","","","","","deletes a service from its detail view",""
"failed","Sun Mar 08 05:48:58 UTC 2026","Sun Mar 08 05:49:01 UTC 2026","2817","","","","","","warns or sanitizes forbidden characters in service name",""
"passed","Sun Mar 08 05:47:59 UTC 2026","Sun Mar 08 05:48:00 UTC 2026","1254","","","","","","cancels add route operation without creating",""
"failed","Sun Mar 08 05:49:02 UTC 2026","Sun Mar 08 05:49:03 UTC 2026","1039","","","","","","validates URL with spaces or control characters",""
"passed","Sun Mar 08 05:47:21 UTC 2026","Sun Mar 08 05:47:28 UTC 2026","6197","","","","","","prevents duplicate route creation",""
"passed","Sun Mar 08 05:49:04 UTC 2026","Sun Mar 08 05:49:05 UTC 2026","787","","","","","","shows validation when required fields missing",""
"failed","Sun Mar 08 05:48:07 UTC 2026","Sun Mar 08 05:48:19 UTC 2026","11896","","","","","","displays service details correctly after creation",""
"failed","Sun Mar 08 05:48:45 UTC 2026","Sun Mar 08 05:48:58 UTC 2026","13286","","","","","","prevents deleting a service that has associated routes",""
"passed","Sun Mar 08 05:48:39 UTC 2026","Sun Mar 08 05:48:44 UTC 2026","5323","","","","","","prevents duplicate service creation",""
"failed","Sun Mar 08 05:49:59 UTC 2026","Sun Mar 08 05:50:01 UTC 2026","1346","","","","","","warns or sanitizes forbidden characters in service name",""
"passed","Sun Mar 08 05:48:33 UTC 2026","Sun Mar 08 05:48:35 UTC 2026","1542","","","","","","cancels add service operation without creating",""
"failed","Sun Mar 08 05:48:20 UTC 2026","Sun Mar 08 05:48:33 UTC 2026","13051","","","","","","deletes a service from its detail view",""
"failed","Sun Mar 08 05:47:34 UTC 2026","Sun Mar 08 05:47:52 UTC 2026","18168","","","","","","creates a new route via service details page",""
"failed","Sun Mar 08 05:49:10 UTC 2026","Sun Mar 08 05:49:22 UTC 2026","12021","","","","","","prevents deleting a service that has associated routes",""
"passed","Sun Mar 08 05:49:05 UTC 2026","Sun Mar 08 05:49:09 UTC 2026","3297","","","","","","prevents duplicate service creation",""
"passed","Sun Mar 08 05:47:52 UTC 2026","Sun Mar 08 05:47:59 UTC 2026","6673","","","","","","deletes a route from route list in overview page",""
"passed","Sun Mar 08 05:48:38 UTC 2026","Sun Mar 08 05:48:38 UTC 2026","381","","","","","","shows validation when required fields missing",""
"passed","Sun Mar 08 05:47:18 UTC 2026","Sun Mar 08 05:47:18 UTC 2026","62","","","","","","generates allure-results artifacts",""
"passed","Sun Mar 08 05:47:20 UTC 2026","Sun Mar 08 05:47:21 UTC 2026","1346","","","","","","shows validation when required fields missing",""
"passed","Sun Mar 08 05:47:31 UTC 2026","Sun Mar 08 05:47:33 UTC 2026","1861","","","","","","displays route details correctly after creation",""
"passed","Sun Mar 08 05:47:18 UTC 2026","Sun Mar 08 05:47:18 UTC 2026","1","","","","","","smoke-test-valid",""
